{
  "temp_format": {
    "name": "温度单位",
    "type": "ComboBox",
    "value": "℃",
    "items": "℃,℉",
    "item_name": "temp_format"
  },
  "date_format": {
    "name": "日期格式",
    "type": "ComboBox",
    "value": "yyyy-MM-dd",
    "items": "yyyy-MM-dd,yyyy/MM/dd,MM-yyyy-dd,MM/yyyy/dd",
    "item_name": "date_format"
  },
  "query_interval": {
    "name": "轮询间隔",
    "type": "Spinner",
    "value": "1",
    "min": "1",
    "max": "60",
    "step": "1",
    "unit": "S",
    "item_name": "query_interval"
  },
  "msg_splitter": {
    "name": "消息分隔符",
    "type": "ComboBox",
    "value": "逗号",
    "items": "空格,逗号",
    "item_name": "msg_splitter"
  }
}