{
  "item1": {
    "name": "",
    "value": "1. 应用程序入口,/pages/pages.json,所有的页面都在此目录下",
    "type": "Label",
    "isShow": "true"
  },
  "item2": {
    "name": "",
    "value": "2. 关于语言,如何增加语言?增加menus.json里面的语言和添加/language目录下对应的json文件",
    "type": "Label",
    "isShow": "true"
  },
  "item3": {
    "name": "",
    "value": "3. 关于主题,如何添加自定义主题?增加themes.json里面的主题和/theme目录下对应的json文件",
    "type": "Label",
    "isShow": "true"
  },
  "item4": {
    "name": "",
    "value": "4. resource/types/表示控件类型",
    "type": "Label",
    "isShow": "true"
  }
}