{
  "vol_bypass": {
    "name": "para.vol_bypass",
    "min": "220",
    "max": "240",
    "value": "0",
    "step": "1",
    "unit": "V",
    "type": "Spinner",
    "editable": "true",
    "button": "应用",
    "item_name": "vol_bypass",
    "isShow": "true",
    "bytes":"2",
    "endian": "small",
    "scale": "0.1",
    "protocol_types": "01,"
  },
  "vol_bypass_a": {
    "name": "para.vol_bypass_a",
    "min": "220",
    "max": "240",
    "value": "0",
    "step": "1",
    "unit": "V",
    "type": "Spinner",
    "editable": "true",
    "button": "应用",
    "item_name": "vol_bypass_a",
    "isShow": "true",
    "bytes":"2",
    "endian": "small",
    "scale": "0.1",
    "protocol_types": "03"
  },
  "vol_bypass_b": {
    "name": "para.vol_bypass_b",
    "min": "220",
    "max": "240",
    "value": "0",
    "step": "1",
    "unit": "V",
    "type": "Spinner",
    "editable": "true",
    "button": "应用",
    "item_name": "vol_bypass_b",
    "isShow": "true",
    "bytes":"2",
    "endian": "small",
    "scale": "0.1",
    "protocol_types": "03"
  },
  "vol_bypass_c": {
    "name": "para.vol_bypass_c",
    "min": "220",
    "max": "240",
    "value": "0",
    "step": "1",
    "unit": "V",
    "type": "Spinner",
    "editable": "true",
    "button": "应用",
    "item_name": "vol_bypass_c",
    "isShow": "true",
    "bytes":"2",
    "endian": "small",
    "scale": "0.1",
    "protocol_types": "03"
  },
  "fre_in": {
    "name": "home.fre_input",
    "min": "50",
    "max": "60",
    "value": "0",
    "step": "1",
    "unit": "Hz",
    "type": "Spinner",
    "editable": "true",
    "button": "应用",
    "item_name": "fre_in",
    "isShow": "true",
    "bytes":"2",
    "endian": "small",
    "scale": "0.1",
    "protocol_types": "01,03"
  },
  "bat_num": {
    "name": "para.bat_num",
    "min": "0",
    "max": "100",
    "value": "0",
    "step": "1",
    "unit": "",
    "type": "Spinner",
    "editable": "true",
    "button": "应用",
    "item_name": "bat_num",
    "isShow": "true",
    "bytes":"2",
    "endian": "small",
    "protocol_types": "01,03"
  },
  "board_ctrl": {
    "name": "para.board_control",
    "type": "CheckBox",
    "value": "0",
    "checked": "true",
    "button": "应用",
    "item_name": "board_ctrl",
    "isShow": "true",
    "bytes":"2",
    "endian": "small",
    "protocol_types": "01,03"
  },
  "sound_alert": {
    "name": "para.sound_alarm",
    "type": "CheckBox",
    "value": "0",
    "button": "应用",
    "item_name": "sound_alert",
    "isShow": "true",
    "bytes":"2",
    "endian": "small",
    "protocol_types": "01,03"
  },
  "timer_switch": {
    "name": "para.timing_on_off",
    "type": "CheckBox",
    "value": "0",
    "button": "应用",
    "item_name": "timer_switch",
    "isShow": "true",
    "bytes":"2",
    "endian": "small",
    "protocol_types": "01,03"
  },
  "bat_check": {
    "name": "para.bat_self_check",
    "type": "CheckBox",
    "value": "0",
    "button": "应用",
    "item_name": "bat_check",
    "isShow": "true",
    "bytes":"2",
    "endian": "small",
    "protocol_types": "01,03"
  },
  "net_wake": {
    "name": "para.net_awake",
    "type": "CheckBox",
    "value": "0",
    "button": "应用",
    "item_name": "net_wake",
    "isShow": "true",
    "bytes":"2",
    "endian": "small",
    "protocol_types": "01,03"
  }
}