<!DOCTYPE mapper PUBLIC "-//mybatis.org//DTD Mapper 3.0//EN"
        "http://mybatis.org/dtd/mybatis-3-mapper.dtd">
<mapper namespace="com.watson.monitor.mapper.HistoryMapper">
    <insert id="insertOne">
        INSERT INTO history (sn, `date`, voltage_input, voltage_output, frequency_input, frequency_output,
                             battery_voltage, battery_level, temperature, output_load_percent)
        VALUES (#{sn}, #{date}, #{voltageInput}, #{voltageOutput}, #{frequencyInput}, #{frequencyOutput},
                #{batteryVoltage}, #{batteryLevel}, #{temperature}, #{outputLoadPercent})
    </insert>

    <select id="getAll" resultType="history">
        select *
        from history
    </select>

    <select id="selectCount" resultType="java.lang.Integer">
        select count(*) from history
    </select>

    <select id="getPage" resultType="history">
        select * from history
        order by id
        <if test="pageSize != null and pageNum != null">
            limit #{pageSize} offset ${pageSize * (pageNum - 1)}
        </if>
    </select>

</mapper>
